instance,obj,mean_dist,std_dist,max_dist,min_dist,std_line_load,max_line_load,min_line_load,std_back_load,max_back_load,min_back_load,num_vehicle,alns_time,total_time,method,수정한 부분
problem_20_0.7,160674,40168.5,5520.13887959352,49693,36326,14.546240923345113,98.95,58.699999999999996,659.1522491048635,1773,0,4,58.018866300582886,58.02031183242798,1,없음
problem_20_0.7,160674,40168.5,5520.13887959352,49693,36326,14.546240923345113,98.95,58.699999999999996,659.1522491048635,1773,0,4,58.03532648086548,58.03634858131409,1,없음
problem_20_0.7,160674,40168.5,5520.13887959352,49693,36326,14.546240923345113,98.95,58.699999999999996,659.1522491048635,1773,0,4,58.01499843597412,58.016995906829834,1,없음
problem_30_0.7,198772,39754.4,14506.500468410704,60761,15826,6.179838185583828,99.2,83.6,628.9112497006234,1683,0,5,58.045310735702515,58.04635238647461,1,없음
problem_30_0.7,197949,39589.8,15098.365016120124,58871,15826,6.309152082490958,98.45,81.85,627.1189360878843,1683,0,5,58.09851908683777,58.10590839385986,1,없음
problem_30_0.7,197778,39555.6,13922.708423291784,58871,15826,6.181375251511593,98.45,81.85,628.9112497006234,1683,0,5,58.03315615653992,58.03423237800598,1,없음
