{
    "N": 20,
    "K": 4,
    "capa": 2000,
    "node_demands": [
        0,
        225,
        1013,
        591,
        470,
        146,
        576,
        462,
        563,
        760,
        388,
        508,
        570,
        728,
        433,
        53,
        233,
        578,
        780,
        168
    ],
    "node_types": [
        0,
        1,
        2,
        1,
        1,
        1,
        1,
        1,
        1,
        2,
        2,
        1,
        1,
        1,
        1,
        1,
        1,
        2,
        1,
        2
    ],
    "node_coords": [
        [
            12000,
            16000
        ],
        [
            16993.827603195277,
            15687.45897926474
        ],
        [
            12275.367367495463,
            23250.456919543263
        ],
        [
            10117.4969692907,
            5126.516054943753
        ],
        [
            12053.643577508978,
            14024.956187330914
        ],
        [
            21156.6472735014,
            3847.569169930239
        ],
        [
            13427.47673556259,
            28011.094190983764
        ],
        [
            5368.999079487045,
            22852.18364940825
        ],
        [
            6489.3188584872305,
            1986.2563014551072
        ],
        [
            9399.854800944162,
            25131.098295808973
        ],
        [
            4461.830889743422,
            15342.315395228487
        ],
        [
            970.2318778034327,
            30367.52724547197
        ],
        [
            18427.20947313368,
            8805.624095804827
        ],
        [
            15913.139225293176,
            28608.134997323556
        ],
        [
            633.246441861937,
            23290.54683226854
        ],
        [
            10391.594563215256,
            7245.385932489562
        ],
        [
            18257.72985975328,
            1195.8771424760712
        ],
        [
            13114.286431155679,
            21786.241976695514
        ],
        [
            19862.150860169535,
            27882.571376840187
        ],
        [
            22044.381749269673,
            28225.46112833821
        ]
    ],
    "dist_mat": [
        [
            0,
            5003,
            7255,
            11035,
            1975,
            15215,
            12095,
            9535,
            15058,
            9494,
            7566,
            18113,
            9647,
            13201,
            13503,
            8901,
            16072,
            5892,
            14248,
            15822
        ],
        [
            5003,
            0,
            8914,
            12602,
            5212,
            12550,
            12829,
            13655,
            17264,
            12118,
            12536,
            21731,
            7029,
            12965,
            18040,
            10717,
            14546,
            7228,
            12527,
            13517
        ],
        [
            7255,
            8914,
            0,
            18251,
            9228,
            21338,
            4898,
            6917,
            22037,
            3435,
            11117,
            13358,
            15700,
            6475,
            11642,
            16115,
            22851,
            1687,
            8889,
            10962
        ],
        [
            11035,
            12602,
            18251,
            0,
            9106,
            11112,
            23122,
            18350,
            4798,
            20017,
            11676,
            26847,
            9087,
            24186,
            20491,
            2136,
            9039,
            16927,
            24754,
            25996
        ],
        [
            1975,
            5212,
            9228,
            9106,
            0,
            13654,
            14053,
            11072,
            13262,
            11418,
            7705,
            19746,
            8237,
            15085,
            14706,
            6980,
            14250,
            7833,
            15906,
            17362
        ],
        [
            15215,
            12550,
            21338,
            11112,
            13654,
            0,
            25369,
            24706,
            14784,
            24314,
            20269,
            33328,
            5659,
            25309,
            28270,
            11288,
            3928,
            19658,
            24069,
            24394
        ],
        [
            12095,
            12829,
            4898,
            23122,
            14053,
            25369,
            0,
            9568,
            26933,
            4951,
            15520,
            12678,
            19845,
            2556,
            13637,
            20986,
            27246,
            6232,
            6435,
            8619
        ],
        [
            9535,
            13655,
            6917,
            18350,
            11072,
            24706,
            9568,
            0,
            20895,
            4630,
            7564,
            8708,
            19178,
            12012,
            4755,
            16395,
            25201,
            7818,
            15341,
            17519
        ],
        [
            15058,
            17264,
            22037,
            4798,
            13262,
            14784,
            26933,
            20895,
            0,
            23327,
            13509,
            28912,
            13748,
            28240,
            22094,
            6548,
            11794,
            20878,
            29145,
            30503
        ],
        [
            9494,
            12118,
            3435,
            20017,
            11418,
            24314,
            4951,
            4630,
            23327,
            0,
            10963,
            9923,
            18655,
            7383,
            8957,
            17913,
            25521,
            4998,
            10818,
            13017
        ],
        [
            7566,
            12536,
            11117,
            11676,
            7705,
            20269,
            15520,
            7564,
            13509,
            10963,
            0,
            15425,
            15419,
            17524,
            8822,
            10036,
            19759,
            10788,
            19860,
            21797
        ],
        [
            18113,
            21731,
            13358,
            26847,
            19746,
            33328,
            12678,
            8708,
            28912,
            9923,
            15425,
            0,
            27742,
            15046,
            7084,
            24967,
            33909,
            14869,
            19054,
            21182
        ],
        [
            9647,
            7029,
            15700,
            9087,
            8237,
            5659,
            19845,
            19178,
            13748,
            18655,
            15419,
            27742,
            0,
            19961,
            22944,
            8185,
            7611,
            14025,
            19130,
            19753
        ],
        [
            13201,
            12965,
            6475,
            24186,
            15085,
            25309,
            2556,
            12012,
            28240,
            7383,
            17524,
            15046,
            19961,
            0,
            16178,
            22064,
            27512,
            7373,
            4015,
            6143
        ],
        [
            13503,
            18040,
            11642,
            20491,
            14706,
            28270,
            13637,
            4755,
            22094,
            8957,
            8822,
            7084,
            22944,
            16178,
